id,slug,question,category,resolved_outcome,volume,end_date,closed_time,condition_id,url
2045789,ethereum-above-2275-on-april-21-2026-3pm-et,"Ethereum above 2,275 on April 21, 3PM ET?",,Yes,99.99999999999999,2026-04-21T19:00:00Z,2026-04-21 21:06:26+00,0x9634720e2a79a983d1770a529475a712b440021fe3aa61fc3c4491e69ef0f120,https://polymarket.com/market/ethereum-above-2275-on-april-21-2026-3pm-et
613101,btc-multistrike-4h-1758873600-110k,"Will the price of Bitcoin be above $110,000 on September 26 at 4AM ET?",,No,99.9998,2025-09-26T08:00:00Z,2025-09-26 10:09:27+00,0xee5a7f44c8096918177d196f28075a3e1a725b3b0c03a112084bb28aa3c9a3c2,https://polymarket.com/market/btc-multistrike-4h-1758873600-110k
1744849,ethereum-above-1910-on-march-27-2026-3pm-et,"Ethereum above 1,910 on March 27, 3PM ET?",,Yes,999.99,2026-03-27T19:00:00Z,2026-03-27 22:06:07+00,0x2424351d4dc409a440aa3a1b7f392a7cfbff44e83b16c69c23602a79dd8d6184,https://polymarket.com/market/ethereum-above-1910-on-march-27-2026-3pm-et
1754475,bitcoin-above-64400-on-march-28-2026-3am-et,"Bitcoin above 64,400 on March 28, 3AM ET?",,Yes,999.99,2026-03-28T07:00:00Z,2026-03-28 09:09:45+00,0x15c3819a9be7a511fcc9165eb2c204024353f0fd9edf3c79a54e44a398a69b53,https://polymarket.com/market/bitcoin-above-64400-on-march-28-2026-3am-et
600765,sol-multistrike-4h-1758067200-242,Will the price of Solana be above $242 on September 16 at 8PM ET?,,No,99.999,2025-09-17T00:00:00Z,2025-09-17 02:12:56+00,0xc0675f372e4e2ee76636c68c127e826ab4957928c05096c571b9632539cd02a9,https://polymarket.com/market/sol-multistrike-4h-1758067200-242
1345824,bitcoin-above-72k-on-february-13,"Will the price of Bitcoin be above $72,000 on February 13?",,No,999989.655509,2026-02-13T17:00:00Z,2026-02-13 19:40:21+00,0x58c931c00e31fd20d02aade0c1e287e46a15b6da514c3ac3624e956e41bc45d0,https://polymarket.com/market/bitcoin-above-72k-on-february-13
644542,ucol-ucr-noa-2025-10-23-ucr,Will Universitatea Craiova CS win on 2025-10-23?,,No,9999.872194,2025-10-23T19:00:00Z,2025-10-24 01:25:07+00,0x47ca4c9ce1af718d91d9a74a98d470158a2c6d6ac16c503a3bfde6f19c172fed,https://polymarket.com/market/ucol-ucr-noa-2025-10-23-ucr
1668690,will-xrp-dip-to-1pt2-on-march-21,Will XRP dip to $1.20 on March 21?,,No,999.9859999999999,2026-03-22T04:00:00Z,2026-03-22 06:19:53+00,0xc0cd1b94a08bf1477dc52c2e028e0d408181865f6b4ac388e4602d29feffc001,https://polymarket.com/market/will-xrp-dip-to-1pt2-on-march-21
626287,will-gabriel-bortoleto-win-the-2025-f1-united-states-grand-prix-pole,Will Gabriel Bortoleto win the 2025 F1 United States Grand Prix pole?,,No,999.9835,2025-10-19T00:00:00Z,2025-10-19 03:31:33+00,0x922e3703ad7c0398358e4b6cb9624c56a01269e00c1a76becb907a3faad2bbf8,https://polymarket.com/market/will-gabriel-bortoleto-win-the-2025-f1-united-states-grand-prix-pole
504043,will-biden-say-old-during-drop-out-speech,"Will Biden say ""Old"" during drop out speech?",,No,9999.83,2024-07-24T12:00:00Z,2024-07-25 04:43:25+00,0x4ac7d92ca529ed63b1a3f4e502c4a1da24a6f60f9f4483a16c3f85246214ed7b,https://polymarket.com/market/will-biden-say-old-during-drop-out-speech
1321984,will-trump-say-sleazebag-by-february-28,Will Trump say “Sleazebag” by February 28?,,Yes,9999.803406,2026-02-28T00:00:00Z,2026-02-04 09:23:02+00,0xdccf0378bda7224b954559e1ace6d2908d1c134104164114853eb74d5df3029d,https://polymarket.com/market/will-trump-say-sleazebag-by-february-28
2110605,bitcoin-above-74800-on-april-28-2026-7pm-et,"Bitcoin above 74,800 on April 28, 7PM ET?",,Yes,999.98,2026-04-28T23:00:00Z,2026-04-29 00:59:10+00,0x84a708b183d72eea0efdd742cf6a952d895739b768a72049e1d2db23895b5fa4,https://polymarket.com/market/bitcoin-above-74800-on-april-28-2026-7pm-et
1746542,bitcoin-above-64000-on-march-27-2026-5pm-et,"Bitcoin above 64,000 on March 27, 5PM ET?",,Yes,999.979,2026-03-27T21:00:00Z,2026-03-28 00:29:43+00,0xaeec0c2a6e21a1e01e1863cfb187c21e4b0a4e4fdf088f208105ae8028ac24ac,https://polymarket.com/market/bitcoin-above-64000-on-march-27-2026-5pm-et
593622,eth-multistrike-4h-1757606400-4475,"Will the price of Ethereum be above $4,475 on September 11 at 12PM ET?",,No,9999.753845,2025-09-11T16:00:00Z,2025-09-11 18:15:05+00,0x9d56d5c861cc1c3f3cee73437978f538d92251fb89cc5c828066271c47a18616,https://polymarket.com/market/eth-multistrike-4h-1757606400-4475
1369878,elon-musk-of-tweets-february-14-february-16-90-114,"Will Elon Musk post 90-114 tweets from February 14 to February 16, 2026?",,No,999970.610198,2026-02-16T17:00:00Z,2026-02-20 02:01:32+00,0xbc8d0415c38d2f8ac1ec5fa568015534999b79353aa21ff6ababba7e563647e7,https://polymarket.com/market/elon-musk-of-tweets-february-14-february-16-90-114
1916612,nba-okc-lac-2026-04-08-assists-jalen-williams-4pt5,Jalen Williams: Assists O/U 4.5,,Yes,999.970598,2026-04-09T02:00:00Z,2026-04-09 05:41:55+00,0x409f7c8639db995de01014158b6902475fc45eda44fdd838d10358134adcdb4d,https://polymarket.com/market/nba-okc-lac-2026-04-08-assists-jalen-williams-4pt5
1747818,bitcoin-above-64000-on-march-27-2026-7pm-et,"Bitcoin above 64,000 on March 27, 7PM ET?",,Yes,999.9590000000001,2026-03-27T23:00:00Z,2026-03-28 02:10:17+00,0x33aa95bb3ead0cb8d75fa5593fa7e3092ba1ff60884cdfbc80ebd0a487d7e306,https://polymarket.com/market/bitcoin-above-64000-on-march-27-2026-7pm-et
1459196,fl1-ren-tou-2026-02-28-ags-henrick-do-marcolino,Henrick Do Marcolino: Anytime Goalscorer,,No,9.999575,2026-02-28T16:00:00Z,2026-02-28 22:55:21+00,0x65dd46dd58fd6f329f11876df116c7e3c01b347603b306c43521209a20480dd1,https://polymarket.com/market/fl1-ren-tou-2026-02-28-ags-henrick-do-marcolino
1427388,highest-temperature-in-london-on-february-25-2026-18c,Will the highest temperature in London be 18°C on February 25?,,No,99995.334101,2026-02-25T12:00:00Z,2026-02-25 17:08:38+00,0x4f2e29a96f68d743a0c8137967a7db5f78d5f2342f9304c631c6ed50092fc932,https://polymarket.com/market/highest-temperature-in-london-on-february-25-2026-18c
2012116,ethereum-above-2440-on-april-18-2026-4am-et,"Ethereum above 2,440 on April 18, 4AM ET?",,No,99.99510000000001,2026-04-18T08:00:00Z,2026-04-18 10:13:42+00,0xc72d06adcacd4153ec78b4435d21ad2de5f25e59dd03167516523ab8d0394f78,https://polymarket.com/market/ethereum-above-2440-on-april-18-2026-4am-et
680539,will-trump-say-two-weeks-first-during-saudi-pm-events-on-november-18,"Will Trump say ""Two Weeks"" first during Saudi PM events on November 18?",,Yes,9999.505189,2025-11-18T00:00:00Z,2025-11-19 06:09:15+00,0xeb33df1334122ae60e1c3c3a7eb9420a7a12e3391523ce7dcd6e20a0d015e3f9,https://polymarket.com/market/will-trump-say-two-weeks-first-during-saudi-pm-events-on-november-18
2110620,ethereum-above-2320-on-april-28-2026-7pm-et,"Ethereum above 2,320 on April 28, 7PM ET?",,No,999.9490000000001,2026-04-28T23:00:00Z,2026-04-29 01:00:14+00,0xcd96ef2c9038d3d63b2a22fefd79afd285cc3cd5c1a9383b7f5b24a987c84bfa,https://polymarket.com/market/ethereum-above-2320-on-april-28-2026-7pm-et
2125045,nba-cle-tor-2026-05-01-assists-jakobe-walter-0pt5,Ja'Kobe Walter: Assists O/U 0.5,,No,99.9949,2026-05-01T04:00:00Z,2026-05-02 05:24:34+00,0x07dd83c7ab7b79bed1865aa782a8e80e6a3f2424f234dfd99be5344ffff4be1a,https://polymarket.com/market/nba-cle-tor-2026-05-01-assists-jakobe-walter-0pt5
2115597,nba-bos-phi-2026-04-30-points-neemias-queta-2pt5,Neemias Queta: Points O/U 2.5,,Yes,99.9949,2026-04-30T04:00:00Z,2026-05-01 03:29:34+00,0xeb1175fd2b514798e771bbc39ade4787ec7a3b5eeef08662dc65e55e24832c4f,https://polymarket.com/market/nba-bos-phi-2026-04-30-points-neemias-queta-2pt5
248101,world-cup-2022-thursday-will-brazil-beat-serbia,World Cup: Thursday - Will Brazil beat Serbia?,,Yes,9999.48,2022-11-24T00:00:00Z,2022-11-25 00:15:22+00,0x166d9245d328fecb77d7af8e1c5f24e0a2ba6afc36a83e022a5424cc650b91ff,https://polymarket.com/market/world-cup-2022-thursday-will-brazil-beat-serbia
2058271,bitcoin-above-77000-on-april-23-2026-4am-et,"Bitcoin above 77,000 on April 23, 4AM ET?",,Yes,99.9946,2026-04-23T08:00:00Z,2026-04-23 09:29:42+00,0xe4205bdfa3f300e2284ae1a24c61d95ee5f495e7181bccd8d3b69e0534a915b4,https://polymarket.com/market/bitcoin-above-77000-on-april-23-2026-4am-et
544972,will-esteban-ocon-win-the-2025-italy-gp-pole,Will Esteban Ocon win the 2025 Italy GP pole?,,No,999.940144,2025-05-18T12:00:00Z,2025-05-18 17:19:40+00,0x4bb1b4ec10513bc045a1a000d7ddcdf95310162c9cb926f39278cfb17c9caa9f,https://polymarket.com/market/will-esteban-ocon-win-the-2025-italy-gp-pole
537914,will-trump-pardon-joe-exotic-the-tiger-king-in-2025-784-928-365,"Will Trump pardon Joe Exotic ""The Tiger King"" in 2025?",,No,99993.937724,2025-12-31T12:00:00Z,2026-01-01 07:21:33+00,0x6c4d221b3cf2c8d17467c70a8aa3c714e30299b6e57cd3e4269dc8a41d2b0cd8,https://polymarket.com/market/will-trump-pardon-joe-exotic-the-tiger-king-in-2025-784-928-365
1730661,lol-bro1-nsea-2026-03-30-game3-any-player-penta-kill,Game 3: Any Player Penta Kill?,,No,9.99935,2026-03-30T15:10:00Z,2026-03-30 20:55:33+00,0x6fa3a18ba611321e0f936cfd770536e80a9ae55d32e994769b7c724f70fcebfc,https://polymarket.com/market/lol-bro1-nsea-2026-03-30-game3-any-player-penta-kill
1730659,lol-bro1-nsea-2026-03-30-game3-both-teams-destroy-inhibitors,Game 3: Both Teams Destroy Inhibitors?,,No,9.99935,2026-03-30T15:10:00Z,2026-03-30 20:56:31+00,0xef3f59e1d8b3c9537b96142d35a174cd8ff214fea34a75ffa1f56a812820a3b9,https://polymarket.com/market/lol-bro1-nsea-2026-03-30-game3-both-teams-destroy-inhibitors
1743053,bitcoin-above-67400-on-march-27-2026-12pm-et,"Bitcoin above 67,400 on March 27, 12PM ET?",,No,99.9932,2026-03-27T16:00:00Z,2026-03-27 18:51:07+00,0x6bddd37b2e3eb42e1089ccd7198e5fd41ca1d6294f9e58dab36b07756e4c6df7,https://polymarket.com/market/bitcoin-above-67400-on-march-27-2026-12pm-et
542608,will-the-highest-temperature-in-london-be-between-66-67f-on-may-10,Will the highest temperature in London be between 66-67°F on May 10?,,No,9999.212411,2025-05-10T12:00:00Z,2025-05-10 14:44:59+00,0x3cceb59864badf888207c53060ebbb2edc42cea2e602c433dd270a681a3bbfde,https://polymarket.com/market/will-the-highest-temperature-in-london-be-between-66-67f-on-may-10
1752124,bitcoin-above-64400-on-march-28-2026-12am-et,"Bitcoin above 64,400 on March 28, 12AM ET?",,Yes,99.992,2026-03-28T04:00:00Z,2026-03-28 07:06:55+00,0x11bd969682a64c7041d76b4159387b83befd245f0c1048df4098d7c246b2f21d,https://polymarket.com/market/bitcoin-above-64400-on-march-28-2026-12am-et
2140051,nba-orl-det-2026-05-03-points-wendell-carter-jr-2pt5,Wendell Carter Jr.: Points O/U 2.5,,Yes,99.991,2026-05-03T04:00:00Z,2026-05-04 01:11:24+00,0xdcee5c0be3631250d6b2c750ac7cf8ecb086072f59515c3bf66d7565f378994e,https://polymarket.com/market/nba-orl-det-2026-05-03-points-wendell-carter-jr-2pt5
2125034,nba-cle-tor-2026-05-01-points-jakobe-walter-2pt5,Ja'Kobe Walter: Points O/U 2.5,,Yes,99.991,2026-05-01T04:00:00Z,2026-05-02 04:01:00+00,0xff57a3fc01b20485f35c21127ac8da843be10d6951398d21a7cf0e2dc002294f,https://polymarket.com/market/nba-cle-tor-2026-05-01-points-jakobe-walter-2pt5
2140054,nba-orl-det-2026-05-03-rebounds-wendell-carter-jr-1pt5,Wendell Carter Jr.: Rebounds O/U 1.5,,Yes,99.991,2026-05-03T04:00:00Z,2026-05-04 01:35:32+00,0x75d4cd0afe1806c2e2a2be6e74a3856e6398e295c7c84e7c879ff8fc5eee41b4,https://polymarket.com/market/nba-orl-det-2026-05-03-rebounds-wendell-carter-jr-1pt5
2140057,nba-orl-det-2026-05-03-assists-tobias-harris-0pt5,Tobias Harris: Assists O/U 0.5,,Yes,99.991,2026-05-03T04:00:00Z,2026-05-04 00:56:40+00,0x85c93308334d0fdc771db590b5fcefe651fb50dbd09ed38b035c6631c501f562,https://polymarket.com/market/nba-orl-det-2026-05-03-assists-tobias-harris-0pt5
2140040,nba-tor-cle-2026-05-03-points-max-strus-2pt5,Max Strus: Points O/U 2.5,,Yes,99.991,2026-05-03T04:00:00Z,2026-05-04 03:16:30+00,0x1b991af909c444841b436ad9c8e30c09bf5eb20c916bbf1387841981dd115eb6,https://polymarket.com/market/nba-tor-cle-2026-05-03-points-max-strus-2pt5
2105296,nba-hou-lal-2026-04-29-points-tari-eason-2pt5,Tari Eason: Points O/U 2.5,,Yes,99.991,2026-04-30T02:00:00Z,2026-04-30 05:51:22+00,0xcb93d66a7a3c6391609d93b9879fb4a962ff0988d6c5d9ecfce97ebab3457441,https://polymarket.com/market/nba-hou-lal-2026-04-29-points-tari-eason-2pt5
2072149,will-hood-dip-to-82-50-by-april-27-2026,"Will Robinhood Markets, Inc. (HOOD) hit (LOW) $82.50 Week of April 27 2026?",,Yes,99.991,2026-05-01T20:00:00Z,2026-04-28 15:40:34+00,0xcce64317b78dbe151df8dae9a0afb5e6e9b7c2988677eb2b4c303a8805a6d477,https://polymarket.com/market/will-hood-dip-to-82-50-by-april-27-2026
1793038,2026-valero-texas-open-top20-stephan-jaeger,Will Stephan Jaeger finish in the Top 20 at the 2026 Valero Texas Open?,,No,99.99080000000001,2026-04-05T00:00:00Z,2026-04-06 01:01:43+00,0xeadb10a8114c89badb1d41a30fdc5b62ff4d6552b2546854bca9139b76a8cd78,https://polymarket.com/market/2026-valero-texas-open-top20-stephan-jaeger
1458166,sea-int-gen-2026-02-28-ags-marcus-thuram,Marcus Thuram: Anytime Goalscorer,,No,99.9908,2026-02-28T19:45:00Z,2026-03-01 02:21:29+00,0x8e3ff081a0f30d0ed04937ad7e68ef3c00861166b704451d3444e0ddb24706f5,https://polymarket.com/market/sea-int-gen-2026-02-28-ags-marcus-thuram
2110107,bitcoin-above-74200-on-april-28-2026-5pm-et,"Bitcoin above 74,200 on April 28, 5PM ET?",,Yes,99.9905,2026-04-28T21:00:00Z,2026-04-28 23:29:08+00,0x06fe5e766591fd168110a81b8227f75cff9d0d4eccc535fb6ed570fba499c300,https://polymarket.com/market/bitcoin-above-74200-on-april-28-2026-5pm-et
613099,btc-multistrike-4h-1758873600-109pt5k,"Will the price of Bitcoin be above $109,500 on September 26 at 4AM ET?",,No,99.9903,2025-09-26T08:00:00Z,2025-09-26 10:09:47+00,0x96ccd9f4a0065c24ab57c4f61e62e114bd5dce3ac9c28b0bffb757d6b175ef18,https://polymarket.com/market/btc-multistrike-4h-1758873600-109pt5k
2110613,bitcoin-above-78400-on-april-28-2026-7pm-et,"Bitcoin above 78,400 on April 28, 7PM ET?",,No,99.9901,2026-04-28T23:00:00Z,2026-04-29 01:01:18+00,0xe151bacf31c83c6afc38360165b899d249deeab29275ab753c73f3bba885332c,https://polymarket.com/market/bitcoin-above-78400-on-april-28-2026-7pm-et
2110385,bitcoin-above-74400-on-april-28-2026-6pm-et,"Bitcoin above 74,400 on April 28, 6PM ET?",,Yes,99.9901,2026-04-28T22:00:00Z,2026-04-29 00:29:34+00,0xbd9c5a072cfdc04757db68746a09848cb6985cdbb0dfab6e91fcd64f9556f38d,https://polymarket.com/market/bitcoin-above-74400-on-april-28-2026-6pm-et
2110604,bitcoin-above-74400-on-april-28-2026-7pm-et,"Bitcoin above 74,400 on April 28, 7PM ET?",,Yes,99.9901,2026-04-28T23:00:00Z,2026-04-29 00:59:04+00,0xe464b08679eca1fff77d3b77feaa1d1297876ccbe0162cae26cbfac79044e947,https://polymarket.com/market/bitcoin-above-74400-on-april-28-2026-7pm-et
1571628,cricthunderbolt-raj-ben-2026-03-13-completed-match,Thunderbolt T10 League: Rajasthan Emperors vs Bengal Royals - Completed match?,,Yes,99.99000000000001,2026-03-20T04:40:00Z,2026-03-14 08:06:03+00,0x59017d1598cbdf0b9b20209dd48c245a410978d8ec3b3f74544b185d2eba30c6,https://polymarket.com/market/cricthunderbolt-raj-ben-2026-03-13-completed-match
1998070,lol-jdg-ig1-2026-04-24-game1-any-player-quadra-kill,Game 1: Any Player Quadra Kill?,,No,99.99000000000001,2026-04-24T17:10:00Z,2026-04-24 20:07:52+00,0xb2bfde1cee8721903d982adf5852822814bf91ac04cd04693543b89bec58e734,https://polymarket.com/market/lol-jdg-ig1-2026-04-24-game1-any-player-quadra-kill
2030956,bitcoin-above-75800-on-april-20-2026-4am-et,"Bitcoin above 75,800 on April 20, 4AM ET?",,No,99.99000000000001,2026-04-20T08:00:00Z,2026-04-20 11:04:50+00,0xb5c7c4ce53cbfa69f457829daadb755f4bfd509f9b69c0f0b1413572726a6997,https://polymarket.com/market/bitcoin-above-75800-on-april-20-2026-4am-et
1139999,nba-phi-orl-2026-01-09-rebounds-joel-embiid-7pt5,Joel Embiid: Rebounds Over 7.5,,Yes,99.99,2026-01-10T00:00:00Z,2026-01-10 04:35:02+00,0xb7e2e17fdb08661f6f888bc5a1a2d918c39b3b1005e1d7200af07b6f927490c9,https://polymarket.com/market/nba-phi-orl-2026-01-09-rebounds-joel-embiid-7pt5
1148284,cs2-tl1-nip-2026-01-15-tl1-to-win-1-maps,Liquid to win 1 maps?,,No,99.99,2026-01-15T22:00:00Z,2026-01-15 21:42:20+00,0x4bf3dc0e2ed7808f8c851403b1a8956512d6c49835b1e02f4d2e3527da0fe301,https://polymarket.com/market/cs2-tl1-nip-2026-01-15-tl1-to-win-1-maps
1148305,cs2-fal2-ecs-2026-01-15-fal2-to-win-2-maps,Team Falcons to win 2 maps?,,Yes,99.99,2026-01-16T00:30:00Z,2026-01-15 23:29:18+00,0x4951158f14c6b4a2b4c02e54aedc0a2757c290ac75cc109006cb12277fcb4e04,https://polymarket.com/market/cs2-fal2-ecs-2026-01-15-fal2-to-win-2-maps
1456845,epl-bur-bre-2026-02-28-ags-luka-bentt,Luka Bentt: Anytime Goalscorer,,No,99.99,2026-02-28T15:00:00Z,2026-03-01 08:59:37+00,0xd6e7d0a7cc9c8b0543f6dac381661c44dd04b0d5c35c1456eae195177893dabd,https://polymarket.com/market/epl-bur-bre-2026-02-28-ags-luka-bentt
2084234,lol-kt-bro2-2026-05-03-game1-both-teams-destroy-inhibitors,Game 1: Both Teams Destroy Inhibitors?,,No,99.99,2026-05-03T12:00:00Z,2026-05-03 11:13:04+00,0x65b00afe2f0e0132ff7b5aac596cfe1adbe112cea35d5fd890700279ebe5c14f,https://polymarket.com/market/lol-kt-bro2-2026-05-03-game1-both-teams-destroy-inhibitors
1148282,cs2-tl1-nip-2026-01-15-nip-to-win-2-maps,NIP to win 2 maps?,,No,99.99,2026-01-15T22:00:00Z,2026-01-15 21:42:20+00,0xa4eea916e02de0bb982d81c6ce434a1cd0a411a85499e09c4947811788612974,https://polymarket.com/market/cs2-tl1-nip-2026-01-15-nip-to-win-2-maps
2156690,2026-oneflight-myrtle-beach-classic-top20-jeffrey-kang,Will Jeffrey Kang finish in the Top 20 at the 2026 ONEflight Myrtle Beach Classic?,,No,99.99,2026-05-10T00:00:00Z,2026-05-09 00:56:40+00,0xc288052650e6b49062f4871c640ae885e99dbc51a1dc98af39e67faba4e8cea0,https://polymarket.com/market/2026-oneflight-myrtle-beach-classic-top20-jeffrey-kang
2074188,will-ewy-reach-158-in-may-2026,Will South Korea ETF (EWY) hit (HIGH) $158 in May?,,Yes,99.99,2026-06-01T03:59:59.999Z,2026-05-01 17:05:42+00,0xb9126445a84a744f3c84d8d333947c610ad4f8499442760ae4ecc95d77dc007c,https://polymarket.com/market/will-ewy-reach-158-in-may-2026
2081349,lol-ami-mvu-2026-05-01-game1-any-player-quadra-kill,Game 1: Any Player Quadra Kill?,,No,99.99,2026-05-02T00:00:00Z,2026-05-02 00:45:50+00,0x59d1c7231286e98ff9a4e0045e8d1be72805ce8c2ad66036fc5c98a5a55c6b4f,https://polymarket.com/market/lol-ami-mvu-2026-05-01-game1-any-player-quadra-kill
1148300,cs2-fal2-ecs-2026-01-15-ecs-to-win-2-maps,ECSTATIC to win 2 maps?,,No,99.99,2026-01-16T00:30:00Z,2026-01-15 23:28:12+00,0x2b819a3f3d7e4a845cf25ccc03aa0f3ebc995f0798ff737e66daa7f9a3e84fa6,https://polymarket.com/market/cs2-fal2-ecs-2026-01-15-ecs-to-win-2-maps
1148299,cs2-fal2-ecs-2026-01-15-ecs-to-win-1-maps,ECSTATIC to win 1 maps?,,No,99.99,2026-01-16T00:30:00Z,2026-01-15 23:28:14+00,0xb2336b83cb18be2212227d0c34ff35d6f58a7731fa8f32e0ee9fabe4fe477e5c,https://polymarket.com/market/cs2-fal2-ecs-2026-01-15-ecs-to-win-1-maps
1419096,criccsat20w-lio-tit-2026-03-01-completed-match,"CSA T20 Division 1, Women: Lions vs Titans - Completed match?",,No,99.99,2026-03-08T07:00:00Z,2026-03-02 16:06:23+00,0x6c077474a6bf4f83f2ed13717c6f72bd618c875b346326642d088a8ae40b01fa,https://polymarket.com/market/criccsat20w-lio-tit-2026-03-01-completed-match
1692604,2026-texas-childrens-houston-open-top20-ze-cheng-dou,Will Ze-Cheng Dou finish in the Top 20 at the 2026 Texas Children's Houston Open?,,No,99.99,2026-03-29T00:00:00Z,2026-03-30 00:19:22+00,0x36ca5fe4e4a07da839cf18d136d8aa7b645c56b4cd73fc8736cfbcfdf1997b4d,https://polymarket.com/market/2026-texas-childrens-houston-open-top20-ze-cheng-dou
1955107,dota2-yb1-clo-2026-04-13-game3-ends-in-daytime,Game 3: Ends in Daytime?,,Yes,99.99,2026-04-13T10:10:00Z,2026-04-13 09:47:05+00,0x79a197ad96b5d68f398154943c443fe23932f23148174a4b294d598d2b8664ba,https://polymarket.com/market/dota2-yb1-clo-2026-04-13-game3-ends-in-daytime
1458490,mls-skc-clb-2026-02-28-ags-hugo-picard,Hugo Picard: Anytime Goalscorer,,No,99.99,2026-03-01T01:30:00Z,2026-03-01 17:01:01+00,0x9d179beab8feaa8c7c9b74285773666bda0e45eae3487f7b291e12bf51d12bb6,https://polymarket.com/market/mls-skc-clb-2026-02-28-ags-hugo-picard
1968242,dota2-1win-bb4-2026-04-13-game1-any-player-ultra-kill,Game 1: Any Player Ultra Kill?,,Yes,99.99,2026-04-13T17:00:00Z,2026-04-13 16:59:19+00,0x8ff55d2a56d921bb0b4f9e64cd0d23afbd25cc98fa3bcb8481a88e5d44500fd9,https://polymarket.com/market/dota2-1win-bb4-2026-04-13-game1-any-player-ultra-kill
1836666,will-gil-vicente-qualify-for-the-league-phase-of-the-2026-27-uefa-champions-league,Will Gil Vicente qualify for the League Phase of the 2026-27 UEFA Champions League?,,No,99.99,2026-06-01T00:00:00Z,2026-04-06 12:10:19+00,0xdbd76a4906b4c7104222c8ad80e7ee4212308fec47390d72bebd055308aeb0e5,https://polymarket.com/market/will-gil-vicente-qualify-for-the-league-phase-of-the-2026-27-uefa-champions-league
1836674,will-vitria-de-guimares-qualify-for-the-league-phase-of-the-2026-27-uefa-champions-league,Will Vitória de Guimarães qualify for the League Phase of the 2026-27 UEFA Champions League?,,No,99.99,2026-06-01T00:00:00Z,2026-04-06 09:45:29+00,0xc276f5fa91ac67f736e55098426f3208c1e63b1dfc9954b391607cee1fada496,https://polymarket.com/market/will-vitria-de-guimares-qualify-for-the-league-phase-of-the-2026-27-uefa-champions-league
2034037,lol-los-red-2026-04-25-game2-both-teams-slay-dragon,Game 2: Both Teams Slay a Dragon?,,Yes,99.99,2026-04-25T20:00:00Z,2026-04-25 21:56:56+00,0x4d64048c67df96b1a9f242a4b19d8a69db6ed52b31502487f490d3577968372e,https://polymarket.com/market/lol-los-red-2026-04-25-game2-both-teams-slay-dragon
1792864,2026-valero-texas-open-top5-alexander-noren,Will Alexander Noren finish in the Top 5 at the 2026 Valero Texas Open?,,No,99.99,2026-04-05T00:00:00Z,2026-04-06 00:44:43+00,0xe1be75f142e319485c18090f9abc7167d9d4d0681e6c26d395e5e531e986aba4,https://polymarket.com/market/2026-valero-texas-open-top5-alexander-noren
1792910,2026-valero-texas-open-top10-aj-ewart,Will A.J. Ewart finish in the Top 10 at the 2026 Valero Texas Open?,,No,99.99,2026-04-05T00:00:00Z,2026-04-06 00:03:57+00,0x4376d6b0d44cb6cd7353cf078dc87bc0e64453065bc8880c2a95904501c53ede,https://polymarket.com/market/2026-valero-texas-open-top10-aj-ewart
1457284,bun-stu-wol-2026-03-01-ags-jamie-leweling,Jamie Leweling: Anytime Goalscorer,,Yes,99.99,2026-03-01T14:30:00Z,2026-03-01 19:57:37+00,0x9d0ef0644d81644cbeaa124e65d53fbc10294966dfeef1b52cf526a087ef676f,https://polymarket.com/market/bun-stu-wol-2026-03-01-ags-jamie-leweling
1459076,fl1-pfc-ogc-2026-03-01-ags-marshall-munetsi,Marshall Munetsi: Anytime Goalscorer,,Yes,99.99,2026-03-01T14:00:00Z,2026-03-01 19:16:13+00,0x593c8e5c2608f5000cdfbedb845d075399eb33d1dce84fe9522081e110f15afd,https://polymarket.com/market/fl1-pfc-ogc-2026-03-01-ags-marshall-munetsi
1458144,sea-cre-mil-2026-03-01-ags-jamie-vardy,Jamie Vardy: Anytime Goalscorer,,No,99.99,2026-03-01T11:30:00Z,2026-03-01 16:28:55+00,0x4c1bcff10916b283e423d9a5e184bb255db25542b6ba31e72645a732fe6c2148,https://polymarket.com/market/sea-cre-mil-2026-03-01-ags-jamie-vardy
1836665,will-famalico-qualify-for-the-league-phase-of-the-2026-27-uefa-champions-league,Will Famalicão qualify for the League Phase of the 2026-27 UEFA Champions League?,,No,99.99,2026-06-01T00:00:00Z,2026-04-06 12:09:55+00,0x797d4dc01fe38d04e00875cfd64fcf9d62f47f7ee314f3809ed8994b987e9d47,https://polymarket.com/market/will-famalico-qualify-for-the-league-phase-of-the-2026-27-uefa-champions-league
1892667,2026-masters-tournament-top10-ryan-fox,Will Ryan Fox finish in the Top 10 at the 2026 Augusta National Invitational?,,No,99.99,2026-04-12T04:00:00Z,2026-04-11 01:26:19+00,0xdbcac87d05b40d6bd4640219e5f74978fa1d94a65539293f29d39bcdfa5e7f10,https://polymarket.com/market/2026-masters-tournament-top10-ryan-fox
2084068,lol-kt-hle1-2026-04-29-game1-both-teams-slay-baron,Game 1: Both Teams Slay Baron Nashor?,,No,99.99,2026-04-29T14:00:00Z,2026-04-29 14:17:42+00,0x893f027605ca555ab15ee3c8b86a5647322e70a640b603a7c27f644a79dcc2e8,https://polymarket.com/market/lol-kt-hle1-2026-04-29-game1-both-teams-slay-baron
1836667,will-moreirense-qualify-for-the-league-phase-of-the-2026-27-uefa-champions-league,Will Moreirense qualify for the League Phase of the 2026-27 UEFA Champions League?,,No,99.99,2026-06-01T00:00:00Z,2026-04-06 12:11:09+00,0xdf5b7eaae1451fdf1c2e7b5c537c46eb05e0fd1da969270b3041cc56245f3261,https://polymarket.com/market/will-moreirense-qualify-for-the-league-phase-of-the-2026-27-uefa-champions-league
1792870,2026-valero-texas-open-top5-marco-penge,Will Marco Penge finish in the Top 5 at the 2026 Valero Texas Open?,,No,99.99,2026-04-05T00:00:00Z,2026-04-06 01:10:45+00,0xe38d791c71a0b3e11885490c56528b109829310edcd657a0a754815ef9be1285,https://polymarket.com/market/2026-valero-texas-open-top5-marco-penge
1793015,2026-valero-texas-open-top20-david-ford,Will David Ford finish in the Top 20 at the 2026 Valero Texas Open?,,No,99.99,2026-04-05T00:00:00Z,2026-04-06 01:20:43+00,0xa0f6b86ba49fa97d26cf5829d62849d05cc7ea1e3271cb8a2a8e95e56c17ab7f,https://polymarket.com/market/2026-valero-texas-open-top20-david-ford
1792849,2026-valero-texas-open-top5-henry-lebioda,Will Henry Lebioda finish in the Top 5 at the 2026 Valero Texas Open?,,No,99.99,2026-04-05T00:00:00Z,2026-04-06 00:42:35+00,0x1ed2dc9c22d2dcf71986915682d108d051b7db1f7ef0483d4562914536ce50c1,https://polymarket.com/market/2026-valero-texas-open-top5-henry-lebioda
1793072,2026-valero-texas-open-top20-jt-poston,Will JT Poston finish in the Top 20 at the 2026 Valero Texas Open?,,No,99.99,2026-04-05T00:00:00Z,2026-04-06 01:00:49+00,0xf4991fd1285e8b52e8d1c80166c2c83dd213e93bb10643117eebd69b5116c326,https://polymarket.com/market/2026-valero-texas-open-top20-jt-poston
1792789,2026-valero-texas-open-top5-christiaan-bezuidenhout,Will Christiaan Bezuidenhout finish in the Top 5 at the 2026 Valero Texas Open?,,No,99.99,2026-04-05T00:00:00Z,2026-04-06 01:09:45+00,0xae0830301f53b750895a3e6cbbd1d942ec301dca7622bd9ac75a2b32a1ab15bf,https://polymarket.com/market/2026-valero-texas-open-top5-christiaan-bezuidenhout
1792983,2026-valero-texas-open-top10-adam-schenk,Will Adam Schenk finish in the Top 10 at the 2026 Valero Texas Open?,,No,99.99,2026-04-05T00:00:00Z,2026-04-05 22:53:55+00,0x8e61dc0655c9beb0e204e919174d5d7327036c0d0e7544e59f058133f8c4c9cd,https://polymarket.com/market/2026-valero-texas-open-top10-adam-schenk
1792797,2026-valero-texas-open-top5-bud-cauley,Will Bud Cauley finish in the Top 5 at the 2026 Valero Texas Open?,,No,99.99,2026-04-05T00:00:00Z,2026-04-06 00:26:17+00,0x891219c22dfe1ffa038da354fe44552c1806b6eb8858234ad9ead5f92b737b26,https://polymarket.com/market/2026-valero-texas-open-top5-bud-cauley
1792960,2026-valero-texas-open-top10-mac-meissner,Will Mac Meissner finish in the Top 10 at the 2026 Valero Texas Open?,,No,99.99,2026-04-05T00:00:00Z,2026-04-06 01:50:01+00,0x53324609878658cef756fae5450bb754a91e122a7648d98524dbb88522d609d7,https://polymarket.com/market/2026-valero-texas-open-top10-mac-meissner
1792868,2026-valero-texas-open-top5-john-parry,Will John Parry finish in the Top 5 at the 2026 Valero Texas Open?,,No,99.99,2026-04-05T00:00:00Z,2026-04-06 00:17:19+00,0x82bf852bded1beb01a9b8c84e3116da1c9c63cecd6e78e25a1f0cb4b84c1e892,https://polymarket.com/market/2026-valero-texas-open-top5-john-parry
1792943,2026-valero-texas-open-top10-seong-hyeon-kim,Will Seong-Hyeon Kim finish in the Top 10 at the 2026 Valero Texas Open?,,No,99.99,2026-04-05T00:00:00Z,2026-04-05 23:46:55+00,0xd562deb83d582b5da0df8b100655e3d4b89fe6f837c1ec395bbfd55d1bfdd2c6,https://polymarket.com/market/2026-valero-texas-open-top10-seong-hyeon-kim
1792809,2026-valero-texas-open-top5-steven-fisk,Will Steven Fisk finish in the Top 5 at the 2026 Valero Texas Open?,,No,99.99,2026-04-05T00:00:00Z,2026-04-06 00:11:33+00,0x109cf87f57f898b4d5f143f5618275b7c44d218a278d123f3dddb08cf3a59480,https://polymarket.com/market/2026-valero-texas-open-top5-steven-fisk
1792919,2026-valero-texas-open-top10-doug-ghim,Will Doug Ghim finish in the Top 10 at the 2026 Valero Texas Open?,,No,99.99,2026-04-05T00:00:00Z,2026-04-06 00:03:55+00,0x0195f4d2fd6b32e60b3f827612b3cabe561b4336e2675e63bd8a4f61ee3cd6aa,https://polymarket.com/market/2026-valero-texas-open-top10-doug-ghim
2147859,lol-znt-dyn1-2026-05-05-game1-both-teams-slay-dragon,Game 1: Both Teams Slay a Dragon?,,Yes,99.99,2026-05-05T21:00:00Z,2026-05-05 20:59:48+00,0x95e64fb398341ba4d27bb0a7f69a0c17bfbb7770b0a48895f561ba547aa9c79a,https://polymarket.com/market/lol-znt-dyn1-2026-05-05-game1-both-teams-slay-dragon
1933086,dota2-winter-satan-2026-04-11-game3-any-player-ultra-kill,Game 3: Any Player Ultra Kill?,,Yes,99.99,2026-04-11T12:15:00Z,2026-04-11 11:51:41+00,0x4e1cc17646f23313129c1fac750bd93e7714cb7f47ce1497816124ae33457c97,https://polymarket.com/market/dota2-winter-satan-2026-04-11-game3-any-player-ultra-kill
2084096,lol-gen-drx-2026-04-30-game1-any-player-quadra-kill,Game 1: Any Player Quadra Kill?,,No,99.99,2026-04-30T12:00:00Z,2026-04-30 11:20:12+00,0xf91d8bc350c46ce05050ebab75034044991e32057a026c42d0c7ed2434c33094,https://polymarket.com/market/lol-gen-drx-2026-04-30-game1-any-player-quadra-kill
1456844,epl-bur-bre-2026-02-28-ags-lyle-foster,Lyle Foster: Anytime Goalscorer,,No,99.99,2026-02-28T15:00:00Z,2026-03-01 08:58:35+00,0x10d857bae104ca46b7b09aeb5eebdb954a86ea837e021d237afc51447da1ba61,https://polymarket.com/market/epl-bur-bre-2026-02-28-ags-lyle-foster
2034088,lol-fur-lll-2026-04-26-game2-both-teams-slay-dragon,Game 2: Both Teams Slay a Dragon?,,Yes,99.99,2026-04-26T20:00:00Z,2026-04-26 20:57:04+00,0xbcfc4cb308a0df51883c7b44d2bc88e49ad89be2f0ffa2f2e003c8fdb6dbe14b,https://polymarket.com/market/lol-fur-lll-2026-04-26-game2-both-teams-slay-dragon
1892776,2026-masters-tournament-top20-casey-jarvis,Will Casey Jarvis finish in the Top 20 at the 2026 Augusta National Invitational?,,No,99.99,2026-04-12T04:00:00Z,2026-04-11 01:31:31+00,0x32b237f7b2f6d36d3ed666c32e91cf52ab25ca01ac56241db6c603354de38582,https://polymarket.com/market/2026-masters-tournament-top20-casey-jarvis
2073181,lol-sc-jl-2026-05-01-game1-both-teams-slay-dragon,Game 1: Both Teams Slay a Dragon?,,Yes,99.99,2026-05-01T21:00:00Z,2026-05-01 20:46:02+00,0x183b0a163aaddea1f548f100e2967435d387acc6c471c246965fd763912fb484,https://polymarket.com/market/lol-sc-jl-2026-05-01-game1-both-teams-slay-dragon
2096554,lol-fur-red-2026-05-02-game1-both-teams-destroy-inhibitors,Game 1: Both Teams Destroy Inhibitors?,,No,99.99,2026-05-02T23:50:00Z,2026-05-02 22:12:46+00,0x0ce2e54530634fabb962bf7755fd6d49eefa7ff92ea195281a9cfd2cfec44ebc,https://polymarket.com/market/lol-fur-red-2026-05-02-game1-both-teams-destroy-inhibitors
2096555,lol-fur-red-2026-05-02-game1-any-player-quadra-kill,Game 1: Any Player Quadra Kill?,,Yes,99.99,2026-05-02T23:50:00Z,2026-05-02 22:13:42+00,0xcea084e1971ba9c1b74c5957e94aa51fe54506893b09cbb2dfef32f9bb97baf8,https://polymarket.com/market/lol-fur-red-2026-05-02-game1-any-player-quadra-kill
2084292,lol-tes-al-2026-05-01-game1-both-teams-slay-baron,Game 1: Both Teams Slay Baron Nashor?,,Yes,99.99,2026-05-01T13:00:00Z,2026-05-01 12:56:12+00,0x7478886d0063f3dd76753af615f83e7bd188be7757499393015bd63766f17ac6,https://polymarket.com/market/lol-tes-al-2026-05-01-game1-both-teams-slay-baron
